date,user_number,rank
2026-06-25,2,1
2026-06-25,1,2
2026-06-25,3,3
2026-06-25,21,4
2026-06-25,4,5
2026-06-25,43,6
2026-06-25,44,7
2026-06-25,30,8
2026-06-25,10,9
2026-06-25,25,10
2026-06-25,29,11
2026-06-25,121,12
2026-06-25,50,13
2026-06-25,22,14
2026-06-25,53,15
2026-06-25,5,16
2026-06-25,24,17
2026-06-25,23,18
2026-06-25,46,19
2026-06-25,42,20
2026-06-25,111,21
2026-06-25,7,22
2026-06-25,9,23
2026-06-25,127,24
2026-06-25,12,25
2026-06-25,8,26
2026-06-25,51,27
2026-06-25,177,28
2026-06-25,143,29
2026-06-25,130,30
2026-06-25,11,31
2026-06-25,131,32
2026-06-25,45,33
2026-06-25,13,34
2026-06-25,167,35
2026-06-25,41,36
2026-06-25,15,37
2026-06-25,126,38
2026-06-25,133,39
2026-06-25,17,40
2026-06-25,135,41
2026-06-25,20,42
2026-06-25,14,43
2026-06-25,168,44
2026-06-25,47,45
2026-06-25,107,46
2026-06-25,198,47
2026-06-25,137,48
2026-06-25,139,49
2026-06-25,18,50
2026-06-25,64,51
2026-06-25,145,52
2026-06-25,140,53
2026-06-25,136,54
2026-06-25,169,55
2026-06-25,72,56
2026-06-25,70,57
2026-06-25,62,58
2026-06-25,16,59
2026-06-25,171,60
2026-06-25,103,61
2026-06-25,52,62
2026-06-25,170,63
2026-06-25,110,64
2026-06-25,172,65
2026-06-25,147,66
2026-06-25,151,67
2026-06-25,75,68
2026-06-25,49,69
2026-06-25,153,70
2026-06-25,156,71
2026-06-25,158,72
2026-06-25,155,73
2026-06-25,210,74
2026-06-25,160,75
2026-06-25,161,76
2026-06-25,19,77
2026-06-25,61,78
2026-06-25,175,79
2026-06-25,157,80
2026-06-25,213,81
2026-06-25,48,82
2026-06-25,68,83
2026-06-25,183,84
2026-06-25,184,85
2026-06-25,208,86
2026-06-25,185,87
2026-06-25,214,88
2026-06-25,92,89
2026-06-25,211,90
2026-06-25,209,91
2026-06-25,182,92
2026-06-25,105,93
2026-06-25,186,94
2026-06-25,229,95
2026-06-25,188,96
2026-06-25,219,97
2026-06-25,189,98
2026-06-25,218,99
2026-06-25,190,100
2026-06-25,6,101
2026-06-25,27,102
2026-06-25,31,103
2026-06-25,32,104
2026-06-25,33,105
2026-06-25,34,106
2026-06-25,35,107
2026-06-25,36,108
2026-06-25,37,109
2026-06-25,38,110
2026-06-25,39,111
2026-06-25,40,112
2026-06-25,54,113
2026-06-25,55,114
2026-06-25,56,115
2026-06-25,57,116
2026-06-25,58,117
2026-06-25,60,118
2026-06-25,63,119
2026-06-25,65,120
2026-06-25,66,121
2026-06-25,67,122
2026-06-25,69,123
2026-06-25,71,124
2026-06-25,73,125
2026-06-25,74,126
2026-06-25,76,127
2026-06-25,77,128
2026-06-25,78,129
2026-06-25,79,130
2026-06-25,80,131
2026-06-25,81,132
2026-06-25,82,133
2026-06-25,83,134
2026-06-25,84,135
2026-06-25,85,136
2026-06-25,86,137
2026-06-25,87,138
2026-06-25,88,139
2026-06-25,89,140
2026-06-25,90,141
2026-06-25,91,142
2026-06-25,93,143
2026-06-25,94,144
2026-06-25,95,145
2026-06-25,96,146
2026-06-25,97,147
2026-06-25,98,148
2026-06-25,99,149
2026-06-25,100,150
2026-06-25,104,151
2026-06-25,106,152
2026-06-25,108,153
2026-06-25,109,154
2026-06-25,112,155
2026-06-25,113,156
2026-06-25,114,157
2026-06-25,115,158
2026-06-25,116,159
2026-06-25,117,160
2026-06-25,118,161
2026-06-25,119,162
2026-06-25,120,163
2026-06-25,122,164
2026-06-25,123,165
2026-06-25,124,166
2026-06-25,125,167
2026-06-25,132,168
2026-06-25,134,169
2026-06-25,138,170
2026-06-25,141,171
2026-06-25,144,172
2026-06-25,146,173
2026-06-25,148,174
2026-06-25,149,175
2026-06-25,150,176
2026-06-25,152,177
2026-06-25,154,178
2026-06-25,159,179
2026-06-25,162,180
2026-06-25,166,181
2026-06-25,173,182
2026-06-25,174,183
2026-06-25,176,184
2026-06-25,178,185
2026-06-25,179,186
2026-06-25,180,187
2026-06-25,181,188
2026-06-25,187,189
2026-06-25,191,190
2026-06-25,192,191
2026-06-25,193,192
2026-06-25,194,193
2026-06-25,195,194
2026-06-25,196,195
2026-06-25,199,196
2026-06-25,200,197
2026-06-25,201,198
2026-06-25,202,199
2026-06-25,206,200
2026-06-25,215,201
2026-06-25,216,202
2026-06-25,217,203
2026-06-25,221,204
2026-06-25,222,205
2026-06-25,223,206
2026-06-25,224,207
2026-06-25,226,208
2026-06-25,227,209
2026-06-25,228,210
2026-06-25,230,211
2026-06-26,2,1
2026-06-26,1,2
2026-06-26,3,3
2026-06-26,21,4
2026-06-26,4,5
2026-06-26,43,6
2026-06-26,44,7
2026-06-26,30,8
2026-06-26,25,9
2026-06-26,29,10
2026-06-26,10,11
2026-06-26,121,12
2026-06-26,50,13
2026-06-26,22,14
2026-06-26,53,15
2026-06-26,5,16
2026-06-26,24,17
2026-06-26,23,18
2026-06-26,111,19
2026-06-26,46,20
2026-06-26,42,21
2026-06-26,7,22
2026-06-26,9,23
2026-06-26,12,24
2026-06-26,8,25
2026-06-26,177,26
2026-06-26,51,27
2026-06-26,143,28
2026-06-26,127,29
2026-06-26,130,30
2026-06-26,131,31
2026-06-26,45,32
2026-06-26,13,33
2026-06-26,167,34
2026-06-26,11,35
2026-06-26,41,36
2026-06-26,15,37
2026-06-26,126,38
2026-06-26,17,39
2026-06-26,135,40
2026-06-26,14,41
2026-06-26,20,42
2026-06-26,133,43
2026-06-26,168,44
2026-06-26,47,45
2026-06-26,107,46
2026-06-26,137,47
2026-06-26,139,48
2026-06-26,198,49
2026-06-26,170,50
2026-06-26,18,51
2026-06-26,64,52
2026-06-26,145,53
2026-06-26,140,54
2026-06-26,136,55
2026-06-26,70,56
2026-06-26,16,57
2026-06-26,62,58
2026-06-26,171,59
2026-06-26,103,60
2026-06-26,52,61
2026-06-26,151,62
2026-06-26,172,63
2026-06-26,147,64
2026-06-26,72,65
2026-06-26,75,66
2026-06-26,19,67
2026-06-26,49,68
2026-06-26,153,69
2026-06-26,156,70
2026-06-26,158,71
2026-06-26,210,72
2026-06-26,160,73
2026-06-26,161,74
2026-06-26,155,75
2026-06-26,61,76
2026-06-26,175,77
2026-06-26,157,78
2026-06-26,213,79
2026-06-26,68,80
2026-06-26,48,81
2026-06-26,183,82
2026-06-26,63,83
2026-06-26,211,84
2026-06-26,184,85
2026-06-26,208,86
2026-06-26,185,87
2026-06-26,214,88
2026-06-26,92,89
2026-06-26,182,90
2026-06-26,209,91
2026-06-26,105,92
2026-06-26,186,93
2026-06-26,67,94
2026-06-26,229,95
2026-06-26,188,96
2026-06-26,219,97
2026-06-26,189,98
2026-06-26,190,99
2026-06-26,218,100
2026-06-26,6,101
2026-06-26,27,102
2026-06-26,31,103
2026-06-26,32,104
2026-06-26,33,105
2026-06-26,34,106
2026-06-26,35,107
2026-06-26,36,108
2026-06-26,37,109
2026-06-26,38,110
2026-06-26,39,111
2026-06-26,40,112
2026-06-26,54,113
2026-06-26,55,114
2026-06-26,56,115
2026-06-26,57,116
2026-06-26,58,117
2026-06-26,60,118
2026-06-26,65,119
2026-06-26,66,120
2026-06-26,69,121
2026-06-26,71,122
2026-06-26,73,123
2026-06-26,74,124
2026-06-26,76,125
2026-06-26,77,126
2026-06-26,78,127
2026-06-26,79,128
2026-06-26,80,129
2026-06-26,81,130
2026-06-26,82,131
2026-06-26,83,132
2026-06-26,84,133
2026-06-26,85,134
2026-06-26,86,135
2026-06-26,87,136
2026-06-26,88,137
2026-06-26,89,138
2026-06-26,90,139
2026-06-26,91,140
2026-06-26,93,141
2026-06-26,94,142
2026-06-26,95,143
2026-06-26,96,144
2026-06-26,97,145
2026-06-26,98,146
2026-06-26,99,147
2026-06-26,100,148
2026-06-26,104,149
2026-06-26,106,150
2026-06-26,108,151
2026-06-26,109,152
2026-06-26,110,153
2026-06-26,112,154
2026-06-26,113,155
2026-06-26,114,156
2026-06-26,115,157
2026-06-26,116,158
2026-06-26,117,159
2026-06-26,118,160
2026-06-26,119,161
2026-06-26,120,162
2026-06-26,122,163
2026-06-26,123,164
2026-06-26,124,165
2026-06-26,125,166
2026-06-26,132,167
2026-06-26,134,168
2026-06-26,138,169
2026-06-26,141,170
2026-06-26,144,171
2026-06-26,146,172
2026-06-26,148,173
2026-06-26,149,174
2026-06-26,150,175
2026-06-26,152,176
2026-06-26,154,177
2026-06-26,159,178
2026-06-26,162,179
2026-06-26,166,180
2026-06-26,169,181
2026-06-26,173,182
2026-06-26,174,183
2026-06-26,176,184
2026-06-26,178,185
2026-06-26,179,186
2026-06-26,180,187
2026-06-26,181,188
2026-06-26,187,189
2026-06-26,191,190
2026-06-26,192,191
2026-06-26,193,192
2026-06-26,194,193
2026-06-26,195,194
2026-06-26,196,195
2026-06-26,199,196
2026-06-26,200,197
2026-06-26,201,198
2026-06-26,202,199
2026-06-26,206,200
2026-06-26,215,201
2026-06-26,216,202
2026-06-26,217,203
2026-06-26,221,204
2026-06-26,222,205
2026-06-26,223,206
2026-06-26,224,207
2026-06-26,226,208
2026-06-26,227,209
2026-06-26,228,210
2026-06-26,230,211
2026-06-27,2,1
2026-06-27,1,2
2026-06-27,3,3
2026-06-27,21,4
2026-06-27,4,5
2026-06-27,43,6
2026-06-27,44,7
2026-06-27,30,8
2026-06-27,25,9
2026-06-27,29,10
2026-06-27,10,11
2026-06-27,121,12
2026-06-27,50,13
2026-06-27,22,14
2026-06-27,53,15
2026-06-27,5,16
2026-06-27,24,17
2026-06-27,23,18
2026-06-27,111,19
2026-06-27,46,20
2026-06-27,42,21
2026-06-27,7,22
2026-06-27,9,23
2026-06-27,12,24
2026-06-27,8,25
2026-06-27,177,26
2026-06-27,51,27
2026-06-27,143,28
2026-06-27,127,29
2026-06-27,130,30
2026-06-27,131,31
2026-06-27,45,32
2026-06-27,13,33
2026-06-27,167,34
2026-06-27,11,35
2026-06-27,41,36
2026-06-27,15,37
2026-06-27,126,38
2026-06-27,17,39
2026-06-27,135,40
2026-06-27,14,41
2026-06-27,20,42
2026-06-27,133,43
2026-06-27,168,44
2026-06-27,47,45
2026-06-27,107,46
2026-06-27,137,47
2026-06-27,139,48
2026-06-27,170,49
2026-06-27,198,50
2026-06-27,64,51
2026-06-27,18,52
2026-06-27,145,53
2026-06-27,140,54
2026-06-27,136,55
2026-06-27,70,56
2026-06-27,16,57
2026-06-27,62,58
2026-06-27,171,59
2026-06-27,103,60
2026-06-27,52,61
2026-06-27,151,62
2026-06-27,172,63
2026-06-27,147,64
2026-06-27,72,65
2026-06-27,75,66
2026-06-27,19,67
2026-06-27,49,68
2026-06-27,153,69
2026-06-27,158,70
2026-06-27,156,71
2026-06-27,160,72
2026-06-27,210,73
2026-06-27,161,74
2026-06-27,61,75
2026-06-27,155,76
2026-06-27,175,77
2026-06-27,157,78
2026-06-27,213,79
2026-06-27,68,80
2026-06-27,48,81
2026-06-27,183,82
2026-06-27,63,83
2026-06-27,211,84
2026-06-27,184,85
2026-06-27,208,86
2026-06-27,185,87
2026-06-27,214,88
2026-06-27,92,89
2026-06-27,182,90
2026-06-27,209,91
2026-06-27,105,92
2026-06-27,186,93
2026-06-27,67,94
2026-06-27,229,95
2026-06-27,188,96
2026-06-27,219,97
2026-06-27,189,98
2026-06-27,190,99
2026-06-27,218,100
2026-06-27,6,101
2026-06-27,27,102
2026-06-27,31,103
2026-06-27,32,104
2026-06-27,33,105
2026-06-27,34,106
2026-06-27,35,107
2026-06-27,36,108
2026-06-27,37,109
2026-06-27,38,110
2026-06-27,39,111
2026-06-27,40,112
2026-06-27,54,113
2026-06-27,55,114
2026-06-27,56,115
2026-06-27,57,116
2026-06-27,58,117
2026-06-27,60,118
2026-06-27,65,119
2026-06-27,66,120
2026-06-27,69,121
2026-06-27,71,122
2026-06-27,73,123
2026-06-27,74,124
2026-06-27,76,125
2026-06-27,77,126
2026-06-27,78,127
2026-06-27,79,128
2026-06-27,80,129
2026-06-27,81,130
2026-06-27,82,131
2026-06-27,83,132
2026-06-27,84,133
2026-06-27,85,134
2026-06-27,86,135
2026-06-27,87,136
2026-06-27,88,137
2026-06-27,89,138
2026-06-27,90,139
2026-06-27,91,140
2026-06-27,93,141
2026-06-27,94,142
2026-06-27,95,143
2026-06-27,96,144
2026-06-27,97,145
2026-06-27,98,146
2026-06-27,99,147
2026-06-27,100,148
2026-06-27,104,149
2026-06-27,106,150
2026-06-27,108,151
2026-06-27,109,152
2026-06-27,110,153
2026-06-27,112,154
2026-06-27,113,155
2026-06-27,114,156
2026-06-27,115,157
2026-06-27,116,158
2026-06-27,117,159
2026-06-27,118,160
2026-06-27,119,161
2026-06-27,120,162
2026-06-27,122,163
2026-06-27,123,164
2026-06-27,124,165
2026-06-27,125,166
2026-06-27,132,167
2026-06-27,134,168
2026-06-27,138,169
2026-06-27,141,170
2026-06-27,144,171
2026-06-27,146,172
2026-06-27,148,173
2026-06-27,149,174
2026-06-27,150,175
2026-06-27,152,176
2026-06-27,154,177
2026-06-27,159,178
2026-06-27,162,179
2026-06-27,166,180
2026-06-27,169,181
2026-06-27,173,182
2026-06-27,174,183
2026-06-27,176,184
2026-06-27,178,185
2026-06-27,179,186
2026-06-27,180,187
2026-06-27,181,188
2026-06-27,187,189
2026-06-27,191,190
2026-06-27,192,191
2026-06-27,193,192
2026-06-27,194,193
2026-06-27,195,194
2026-06-27,196,195
2026-06-27,199,196
2026-06-27,200,197
2026-06-27,201,198
2026-06-27,202,199
2026-06-27,206,200
2026-06-27,215,201
2026-06-27,216,202
2026-06-27,217,203
2026-06-27,221,204
2026-06-27,222,205
2026-06-27,223,206
2026-06-27,224,207
2026-06-27,226,208
2026-06-27,227,209
2026-06-27,228,210
2026-06-27,230,211
2026-06-28,2,1
2026-06-28,1,2
2026-06-28,3,3
2026-06-28,21,4
2026-06-28,4,5
2026-06-28,43,6
2026-06-28,44,7
2026-06-28,30,8
2026-06-28,25,9
2026-06-28,29,10
2026-06-28,10,11
2026-06-28,121,12
2026-06-28,50,13
2026-06-28,22,14
2026-06-28,53,15
2026-06-28,5,16
2026-06-28,24,17
2026-06-28,15,18
2026-06-28,23,19
2026-06-28,46,20
2026-06-28,111,21
2026-06-28,42,22
2026-06-28,7,23
2026-06-28,233,24
2026-06-28,127,25
2026-06-28,12,26
2026-06-28,8,27
2026-06-28,177,28
2026-06-28,51,29
2026-06-28,33,30
2026-06-28,32,31
2026-06-28,9,32
2026-06-28,143,33
2026-06-28,130,34
2026-06-28,109,35
2026-06-28,131,36
2026-06-28,45,37
2026-06-28,167,38
2026-06-28,11,39
2026-06-28,13,40
2026-06-28,17,41
2026-06-28,41,42
2026-06-28,126,43
2026-06-28,14,44
2026-06-28,133,45
2026-06-28,20,46
2026-06-28,135,47
2026-06-28,31,48
2026-06-28,168,49
2026-06-28,234,50
2026-06-28,47,51
2026-06-28,107,52
2026-06-28,64,53
2026-06-28,198,54
2026-06-28,137,55
2026-06-28,34,56
2026-06-28,170,57
2026-06-28,139,58
2026-06-28,145,59
2026-06-28,62,60
2026-06-28,140,61
2026-06-28,136,62
2026-06-28,103,63
2026-06-28,18,64
2026-06-28,16,65
2026-06-28,72,66
2026-06-28,171,67
2026-06-28,52,68
2026-06-28,169,69
2026-06-28,70,70
2026-06-28,172,71
2026-06-28,147,72
2026-06-28,110,73
2026-06-28,36,74
2026-06-28,75,75
2026-06-28,35,76
2026-06-28,151,77
2026-06-28,19,78
2026-06-28,49,79
2026-06-28,153,80
2026-06-28,158,81
2026-06-28,155,82
2026-06-28,156,83
2026-06-28,210,84
2026-06-28,161,85
2026-06-28,40,86
2026-06-28,71,87
2026-06-28,160,88
2026-06-28,235,89
2026-06-28,175,90
2026-06-28,68,91
2026-06-28,157,92
2026-06-28,48,93
2026-06-28,213,94
2026-06-28,236,95
2026-06-28,183,96
2026-06-28,61,97
2026-06-28,63,98
2026-06-28,211,99
2026-06-28,184,100
2026-06-28,208,101
2026-06-28,185,102
2026-06-28,105,103
2026-06-28,214,104
2026-06-28,92,105
2026-06-28,209,106
2026-06-28,182,107
2026-06-28,186,108
2026-06-28,229,109
2026-06-28,67,110
2026-06-28,219,111
2026-06-28,189,112
2026-06-28,188,113
2026-06-28,218,114
2026-06-28,82,115
2026-06-28,190,116
2026-06-28,88,117
2026-06-28,116,118
2026-06-28,113,119
2026-06-28,84,120
2026-06-28,227,121
2026-06-28,195,122
2026-06-28,230,123
2026-06-28,117,124
2026-06-28,104,125
2026-06-28,196,126
2026-06-28,193,127
2026-06-28,66,128
2026-06-28,187,129
2026-06-28,223,130
2026-06-28,56,131
2026-06-28,191,132
2026-06-28,60,133
2026-06-28,57,134
2026-06-28,86,135
2026-06-28,122,136
2026-06-28,123,137
2026-06-28,222,138
2026-06-28,200,139
2026-06-28,65,140
2026-06-28,194,141
2026-06-28,215,142
2026-06-28,226,143
2026-06-28,199,144
2026-06-28,216,145
2026-06-28,221,146
2026-06-28,217,147
2026-06-28,201,148
2026-06-28,87,149
2026-06-28,80,150
2026-06-28,124,151
2026-06-28,206,152
2026-06-28,228,153
2026-06-28,90,154
2026-06-28,224,155
2026-06-28,73,156
2026-06-28,78,157
2026-06-28,202,158
2026-06-28,108,159
2026-06-28,74,160
2026-06-28,132,161
2026-06-28,115,162
2026-06-28,166,163
2026-06-28,85,164
2026-06-28,144,165
2026-06-28,148,166
2026-06-28,149,167
2026-06-28,119,168
2026-06-28,162,169
2026-06-28,159,170
2026-06-28,173,171
2026-06-28,91,172
2026-06-28,112,173
2026-06-28,114,174
2026-06-28,37,175
2026-06-28,181,176
2026-06-28,180,177
2026-06-28,174,178
2026-06-28,178,179
2026-06-28,179,180
2026-06-28,176,181
2026-06-28,39,182
2026-06-28,76,183
2026-06-28,146,184
2026-06-28,83,185
2026-06-28,118,186
2026-06-28,77,187
2026-06-28,138,188
2026-06-28,100,189
2026-06-28,27,190
2026-06-28,89,191
2026-06-28,152,192
2026-06-28,69,193
2026-06-28,95,194
2026-06-28,96,195
2026-06-28,106,196
2026-06-28,94,197
2026-06-28,99,198
2026-06-28,98,199
2026-06-28,120,200
2026-06-28,97,201
2026-06-28,79,202
2026-06-28,58,203
2026-06-28,134,204
2026-06-28,192,205
2026-06-28,141,206
2026-06-28,54,207
2026-06-28,6,208
2026-06-28,150,209
2026-06-28,93,210
2026-06-28,125,211
2026-06-28,38,212
2026-06-28,81,213
2026-06-28,154,214
2026-06-28,55,215
2026-06-29,2,1
2026-06-29,1,2
2026-06-29,3,3
2026-06-29,21,4
2026-06-29,4,5
2026-06-29,43,6
2026-06-29,44,7
2026-06-29,30,8
2026-06-29,233,9
2026-06-29,10,10
2026-06-29,25,11
2026-06-29,29,12
2026-06-29,121,13
2026-06-29,50,14
2026-06-29,22,15
2026-06-29,53,16
2026-06-29,5,17
2026-06-29,24,18
2026-06-29,15,19
2026-06-29,23,20
2026-06-29,46,21
2026-06-29,42,22
2026-06-29,111,23
2026-06-29,7,24
2026-06-29,9,25
2026-06-29,236,26
2026-06-29,127,27
2026-06-29,12,28
2026-06-29,8,29
2026-06-29,177,30
2026-06-29,51,31
2026-06-29,33,32
2026-06-29,143,33
2026-06-29,130,34
2026-06-29,109,35
2026-06-29,131,36
2026-06-29,45,37
2026-06-29,13,38
2026-06-29,167,39
2026-06-29,32,40
2026-06-29,17,41
2026-06-29,41,42
2026-06-29,126,43
2026-06-29,133,44
2026-06-29,11,45
2026-06-29,14,46
2026-06-29,20,47
2026-06-29,31,48
2026-06-29,135,49
2026-06-29,168,50
2026-06-29,234,51
2026-06-29,235,52
2026-06-29,47,53
2026-06-29,107,54
2026-06-29,64,55
2026-06-29,198,56
2026-06-29,137,57
2026-06-29,170,58
2026-06-29,139,59
2026-06-29,145,60
2026-06-29,140,61
2026-06-29,62,62
2026-06-29,136,63
2026-06-29,103,64
2026-06-29,16,65
2026-06-29,72,66
2026-06-29,171,67
2026-06-29,169,68
2026-06-29,52,69
2026-06-29,70,70
2026-06-29,34,71
2026-06-29,151,72
2026-06-29,172,73
2026-06-29,147,74
2026-06-29,18,75
2026-06-29,110,76
2026-06-29,75,77
2026-06-29,35,78
2026-06-29,19,79
2026-06-29,49,80
2026-06-29,153,81
2026-06-29,158,82
2026-06-29,156,83
2026-06-29,155,84
2026-06-29,160,85
2026-06-29,210,86
2026-06-29,36,87
2026-06-29,161,88
2026-06-29,40,89
2026-06-29,71,90
2026-06-29,175,91
2026-06-29,68,92
2026-06-29,157,93
2026-06-29,213,94
2026-06-29,48,95
2026-06-29,183,96
2026-06-29,63,97
2026-06-29,61,98
2026-06-29,211,99
2026-06-29,184,100
2026-06-29,208,101
2026-06-29,185,102
2026-06-29,105,103
2026-06-29,214,104
2026-06-29,209,105
2026-06-29,92,106
2026-06-29,182,107
2026-06-29,186,108
2026-06-29,229,109
2026-06-29,188,110
2026-06-29,219,111
2026-06-29,82,112
2026-06-29,189,113
2026-06-29,218,114
2026-06-29,190,115
2026-06-29,67,116
2026-06-29,88,117
2026-06-29,195,118
2026-06-29,116,119
2026-06-29,113,120
2026-06-29,84,121
2026-06-29,227,122
2026-06-29,117,123
2026-06-29,230,124
2026-06-29,104,125
2026-06-29,193,126
2026-06-29,196,127
2026-06-29,187,128
2026-06-29,66,129
2026-06-29,223,130
2026-06-29,56,131
2026-06-29,191,132
2026-06-29,57,133
2026-06-29,60,134
2026-06-29,65,135
2026-06-29,86,136
2026-06-29,122,137
2026-06-29,123,138
2026-06-29,222,139
2026-06-29,200,140
2026-06-29,221,141
2026-06-29,194,142
2026-06-29,215,143
2026-06-29,226,144
2026-06-29,216,145
2026-06-29,217,146
2026-06-29,201,147
2026-06-29,80,148
2026-06-29,202,149
2026-06-29,206,150
2026-06-29,124,151
2026-06-29,199,152
2026-06-29,87,153
2026-06-29,224,154
2026-06-29,90,155
2026-06-29,115,156
2026-06-29,228,157
2026-06-29,73,158
2026-06-29,78,159
2026-06-29,132,160
2026-06-29,166,161
2026-06-29,85,162
2026-06-29,91,163
2026-06-29,74,164
2026-06-29,144,165
2026-06-29,149,166
2026-06-29,119,167
2026-06-29,148,168
2026-06-29,108,169
2026-06-29,162,170
2026-06-29,159,171
2026-06-29,173,172
2026-06-29,112,173
2026-06-29,114,174
2026-06-29,37,175
2026-06-29,181,176
2026-06-29,176,177
2026-06-29,180,178
2026-06-29,174,179
2026-06-29,178,180
2026-06-29,179,181
2026-06-29,39,182
2026-06-29,146,183
2026-06-29,76,184
2026-06-29,83,185
2026-06-29,118,186
2026-06-29,77,187
2026-06-29,138,188
2026-06-29,27,189
2026-06-29,100,190
2026-06-29,152,191
2026-06-29,89,192
2026-06-29,69,193
2026-06-29,95,194
2026-06-29,96,195
2026-06-29,106,196
2026-06-29,94,197
2026-06-29,99,198
2026-06-29,98,199
2026-06-29,120,200
2026-06-29,97,201
2026-06-29,79,202
2026-06-29,58,203
2026-06-29,134,204
2026-06-29,192,205
2026-06-29,141,206
2026-06-29,54,207
2026-06-29,6,208
2026-06-29,150,209
2026-06-29,93,210
2026-06-29,125,211
2026-06-29,38,212
2026-06-29,81,213
2026-06-29,154,214
2026-06-29,55,215
2026-06-30,2,1
2026-06-30,1,2
2026-06-30,3,3
2026-06-30,21,4
2026-06-30,4,5
2026-06-30,43,6
2026-06-30,233,7
2026-06-30,44,8
2026-06-30,30,9
2026-06-30,10,10
2026-06-30,25,11
2026-06-30,29,12
2026-06-30,121,13
2026-06-30,50,14
2026-06-30,22,15
2026-06-30,53,16
2026-06-30,5,17
2026-06-30,24,18
2026-06-30,235,19
2026-06-30,15,20
2026-06-30,23,21
2026-06-30,46,22
2026-06-30,42,23
2026-06-30,7,24
2026-06-30,111,25
2026-06-30,9,26
2026-06-30,127,27
2026-06-30,236,28
2026-06-30,12,29
2026-06-30,8,30
2026-06-30,51,31
2026-06-30,177,32
2026-06-30,33,33
2026-06-30,32,34
2026-06-30,143,35
2026-06-30,130,36
2026-06-30,109,37
2026-06-30,13,38
2026-06-30,131,39
2026-06-30,167,40
2026-06-30,45,41
2026-06-30,17,42
2026-06-30,41,43
2026-06-30,126,44
2026-06-30,133,45
2026-06-30,11,46
2026-06-30,14,47
2026-06-30,20,48
2026-06-30,135,49
2026-06-30,31,50
2026-06-30,168,51
2026-06-30,234,52
2026-06-30,47,53
2026-06-30,107,54
2026-06-30,198,55
2026-06-30,137,56
2026-06-30,34,57
2026-06-30,64,58
2026-06-30,170,59
2026-06-30,139,60
2026-06-30,145,61
2026-06-30,140,62
2026-06-30,62,63
2026-06-30,18,64
2026-06-30,103,65
2026-06-30,136,66
2026-06-30,16,67
2026-06-30,72,68
2026-06-30,171,69
2026-06-30,169,70
2026-06-30,52,71
2026-06-30,70,72
2026-06-30,172,73
2026-06-30,147,74
2026-06-30,110,75
2026-06-30,36,76
2026-06-30,151,77
2026-06-30,75,78
2026-06-30,35,79
2026-06-30,19,80
2026-06-30,49,81
2026-06-30,158,82
2026-06-30,155,83
2026-06-30,156,84
2026-06-30,160,85
2026-06-30,210,86
2026-06-30,153,87
2026-06-30,161,88
2026-06-30,71,89
2026-06-30,175,90
2026-06-30,68,91
2026-06-30,157,92
2026-06-30,213,93
2026-06-30,48,94
2026-06-30,183,95
2026-06-30,40,96
2026-06-30,63,97
2026-06-30,61,98
2026-06-30,184,99
2026-06-30,208,100
2026-06-30,211,101
2026-06-30,185,102
2026-06-30,105,103
2026-06-30,214,104
2026-06-30,209,105
2026-06-30,92,106
2026-06-30,182,107
2026-06-30,186,108
2026-06-30,67,109
2026-06-30,229,110
2026-06-30,188,111
2026-06-30,219,112
2026-06-30,189,113
2026-06-30,218,114
2026-06-30,82,115
2026-06-30,190,116
2026-06-30,88,117
2026-06-30,195,118
2026-06-30,116,119
2026-06-30,113,120
2026-06-30,84,121
2026-06-30,227,122
2026-06-30,117,123
2026-06-30,230,124
2026-06-30,196,125
2026-06-30,104,126
2026-06-30,193,127
2026-06-30,187,128
2026-06-30,66,129
2026-06-30,223,130
2026-06-30,56,131
2026-06-30,191,132
2026-06-30,60,133
2026-06-30,65,134
2026-06-30,86,135
2026-06-30,57,136
2026-06-30,122,137
2026-06-30,123,138
2026-06-30,222,139
2026-06-30,200,140
2026-06-30,221,141
2026-06-30,194,142
2026-06-30,215,143
2026-06-30,226,144
2026-06-30,216,145
2026-06-30,199,146
2026-06-30,217,147
2026-06-30,201,148
2026-06-30,202,149
2026-06-30,206,150
2026-06-30,87,151
2026-06-30,80,152
2026-06-30,224,153
2026-06-30,90,154
2026-06-30,228,155
2026-06-30,73,156
2026-06-30,124,157
2026-06-30,115,158
2026-06-30,78,159
2026-06-30,108,160
2026-06-30,132,161
2026-06-30,166,162
2026-06-30,85,163
2026-06-30,91,164
2026-06-30,74,165
2026-06-30,144,166
2026-06-30,148,167
2026-06-30,149,168
2026-06-30,119,169
2026-06-30,162,170
2026-06-30,159,171
2026-06-30,173,172
2026-06-30,112,173
2026-06-30,114,174
2026-06-30,37,175
2026-06-30,181,176
2026-06-30,180,177
2026-06-30,176,178
2026-06-30,174,179
2026-06-30,179,180
2026-06-30,178,181
2026-06-30,39,182
2026-06-30,146,183
2026-06-30,76,184
2026-06-30,83,185
2026-06-30,118,186
2026-06-30,77,187
2026-06-30,138,188
2026-06-30,27,189
2026-06-30,100,190
2026-06-30,152,191
2026-06-30,89,192
2026-06-30,69,193
2026-06-30,95,194
2026-06-30,106,195
2026-06-30,96,196
2026-06-30,94,197
2026-06-30,99,198
2026-06-30,98,199
2026-06-30,120,200
2026-06-30,97,201
2026-06-30,79,202
2026-06-30,58,203
2026-06-30,134,204
2026-06-30,192,205
2026-06-30,141,206
2026-06-30,54,207
2026-06-30,6,208
2026-06-30,150,209
2026-06-30,93,210
2026-06-30,125,211
2026-06-30,38,212
2026-06-30,81,213
2026-06-30,154,214
2026-06-30,55,215
2026-07-01,2,1
2026-07-01,1,2
2026-07-01,3,3
2026-07-01,21,4
2026-07-01,4,5
2026-07-01,43,6
2026-07-01,233,7
2026-07-01,25,8
2026-07-01,30,9
2026-07-01,44,10
2026-07-01,10,11
2026-07-01,29,12
2026-07-01,121,13
2026-07-01,5,14
2026-07-01,24,15
2026-07-01,22,16
2026-07-01,50,17
2026-07-01,53,18
2026-07-01,23,19
2026-07-01,111,20
2026-07-01,46,21
2026-07-01,7,22
2026-07-01,8,23
2026-07-01,15,24
2026-07-01,127,25
2026-07-01,42,26
2026-07-01,12,27
2026-07-01,9,28
2026-07-01,51,29
2026-07-01,177,30
2026-07-01,130,31
2026-07-01,143,32
2026-07-01,13,33
2026-07-01,33,34
2026-07-01,131,35
2026-07-01,236,36
2026-07-01,32,37
2026-07-01,45,38
2026-07-01,126,39
2026-07-01,11,40
2026-07-01,41,41
2026-07-01,14,42
2026-07-01,17,43
2026-07-01,235,44
2026-07-01,167,45
2026-07-01,135,46
2026-07-01,109,47
2026-07-01,31,48
2026-07-01,20,49
2026-07-01,133,50
2026-07-01,47,51
2026-07-01,168,52
2026-07-01,198,53
2026-07-01,145,54
2026-07-01,107,55
2026-07-01,64,56
2026-07-01,16,57
2026-07-01,170,58
2026-07-01,137,59
2026-07-01,139,60
2026-07-01,62,61
2026-07-01,18,62
2026-07-01,103,63
2026-07-01,140,64
2026-07-01,136,65
2026-07-01,34,66
2026-07-01,171,67
2026-07-01,151,68
2026-07-01,147,69
2026-07-01,72,70
2026-07-01,52,71
2026-07-01,35,72
2026-07-01,169,73
2026-07-01,156,74
2026-07-01,172,75
2026-07-01,158,76
2026-07-01,70,77
2026-07-01,36,78
2026-07-01,155,79
2026-07-01,160,80
2026-07-01,210,81
2026-07-01,110,82
2026-07-01,19,83
2026-07-01,161,84
2026-07-01,49,85
2026-07-01,153,86
2026-07-01,183,87
2026-07-01,75,88
2026-07-01,213,89
2026-07-01,68,90
2026-07-01,48,91
2026-07-01,208,92
2026-07-01,157,93
2026-07-01,209,94
2026-07-01,40,95
2026-07-01,175,96
2026-07-01,184,97
2026-07-01,211,98
2026-07-01,214,99
2026-07-01,182,100
2026-07-01,186,101
2026-07-01,61,102
2026-07-01,63,103
2026-07-01,185,104
2026-07-01,190,105
2026-07-01,189,106
2026-07-01,188,107
2026-07-01,218,108
2026-07-01,105,109
2026-07-01,229,110
2026-07-01,219,111
2026-07-01,92,112
2026-07-01,67,113
2026-07-01,195,114
2026-07-01,196,115
2026-07-01,82,116
2026-07-01,223,117
2026-07-01,227,118
2026-07-01,193,119
2026-07-01,187,120
2026-07-01,117,121
2026-07-01,230,122
2026-07-01,116,123
2026-07-01,84,124
2026-07-01,104,125
2026-07-01,191,126
2026-07-01,113,127
2026-07-01,60,128
2026-07-01,56,129
2026-07-01,123,130
2026-07-01,122,131
2026-07-01,88,132
2026-07-01,66,133
2026-07-01,65,134
2026-07-01,224,135
2026-07-01,57,136
2026-07-01,222,137
2026-07-01,206,138
2026-07-01,194,139
2026-07-01,221,140
2026-07-01,216,141
2026-07-01,200,142
2026-07-01,199,143
2026-07-01,215,144
2026-07-01,124,145
2026-07-01,226,146
2026-07-01,201,147
2026-07-01,71,148
2026-07-01,202,149
2026-07-01,217,150
2026-07-01,80,151
2026-07-01,228,152
2026-07-01,87,153
2026-07-01,115,154
2026-07-01,78,155
2026-07-01,132,156
2026-07-01,74,157
2026-07-01,90,158
2026-07-01,108,159
2026-07-01,166,160
2026-07-01,73,161
2026-07-01,148,162
2026-07-01,85,163
2026-07-01,149,164
2026-07-01,91,165
2026-07-01,144,166
2026-07-01,234,167
2026-07-01,162,168
2026-07-01,86,169
2026-07-01,159,170
2026-07-01,119,171
2026-07-01,173,172
2026-07-01,112,173
2026-07-01,114,174
2026-07-01,37,175
2026-07-01,174,176
2026-07-01,180,177
2026-07-01,181,178
2026-07-01,178,179
2026-07-01,176,180
2026-07-01,179,181
2026-07-01,39,182
2026-07-01,146,183
2026-07-01,76,184
2026-07-01,83,185
2026-07-01,118,186
2026-07-01,77,187
2026-07-01,138,188
2026-07-01,100,189
2026-07-01,27,190
2026-07-01,89,191
2026-07-01,152,192
2026-07-01,69,193
2026-07-01,95,194
2026-07-01,106,195
2026-07-01,94,196
2026-07-01,96,197
2026-07-01,99,198
2026-07-01,98,199
2026-07-01,120,200
2026-07-01,97,201
2026-07-01,79,202
2026-07-01,58,203
2026-07-01,134,204
2026-07-01,192,205
2026-07-01,141,206
2026-07-01,54,207
2026-07-01,6,208
2026-07-01,150,209
2026-07-01,93,210
2026-07-01,125,211
2026-07-01,38,212
2026-07-01,81,213
2026-07-01,154,214
2026-07-01,55,215
2026-07-02,2,1
2026-07-02,1,2
2026-07-02,3,3
2026-07-02,21,4
2026-07-02,4,5
2026-07-02,43,6
2026-07-02,233,7
2026-07-02,25,8
2026-07-02,30,9
2026-07-02,44,10
2026-07-02,10,11
2026-07-02,29,12
2026-07-02,121,13
2026-07-02,5,14
2026-07-02,24,15
2026-07-02,22,16
2026-07-02,50,17
2026-07-02,53,18
2026-07-02,23,19
2026-07-02,111,20
2026-07-02,46,21
2026-07-02,7,22
2026-07-02,8,23
2026-07-02,15,24
2026-07-02,127,25
2026-07-02,42,26
2026-07-02,12,27
2026-07-02,9,28
2026-07-02,51,29
2026-07-02,177,30
2026-07-02,130,31
2026-07-02,143,32
2026-07-02,13,33
2026-07-02,33,34
2026-07-02,131,35
2026-07-02,236,36
2026-07-02,32,37
2026-07-02,45,38
2026-07-02,126,39
2026-07-02,11,40
2026-07-02,41,41
2026-07-02,14,42
2026-07-02,17,43
2026-07-02,235,44
2026-07-02,167,45
2026-07-02,135,46
2026-07-02,109,47
2026-07-02,31,48
2026-07-02,20,49
2026-07-02,133,50
2026-07-02,47,51
2026-07-02,168,52
2026-07-02,198,53
2026-07-02,145,54
2026-07-02,107,55
2026-07-02,64,56
2026-07-02,16,57
2026-07-02,170,58
2026-07-02,137,59
2026-07-02,139,60
2026-07-02,62,61
2026-07-02,18,62
2026-07-02,103,63
2026-07-02,140,64
2026-07-02,136,65
2026-07-02,171,66
2026-07-02,34,67
2026-07-02,151,68
2026-07-02,147,69
2026-07-02,72,70
2026-07-02,52,71
2026-07-02,35,72
2026-07-02,169,73
2026-07-02,156,74
2026-07-02,172,75
2026-07-02,158,76
2026-07-02,70,77
2026-07-02,36,78
2026-07-02,155,79
2026-07-02,160,80
2026-07-02,210,81
2026-07-02,110,82
2026-07-02,19,83
2026-07-02,161,84
2026-07-02,49,85
2026-07-02,153,86
2026-07-02,183,87
2026-07-02,75,88
2026-07-02,213,89
2026-07-02,68,90
2026-07-02,48,91
2026-07-02,208,92
2026-07-02,157,93
2026-07-02,209,94
2026-07-02,40,95
2026-07-02,175,96
2026-07-02,184,97
2026-07-02,211,98
2026-07-02,214,99
2026-07-02,182,100
2026-07-02,186,101
2026-07-02,61,102
2026-07-02,63,103
2026-07-02,185,104
2026-07-02,189,105
2026-07-02,190,106
2026-07-02,188,107
2026-07-02,218,108
2026-07-02,105,109
2026-07-02,229,110
2026-07-02,219,111
2026-07-02,92,112
2026-07-02,67,113
2026-07-02,195,114
2026-07-02,196,115
2026-07-02,82,116
2026-07-02,223,117
2026-07-02,227,118
2026-07-02,193,119
2026-07-02,187,120
2026-07-02,117,121
2026-07-02,116,122
2026-07-02,230,123
2026-07-02,84,124
2026-07-02,104,125
2026-07-02,191,126
2026-07-02,113,127
2026-07-02,60,128
2026-07-02,56,129
2026-07-02,123,130
2026-07-02,122,131
2026-07-02,88,132
2026-07-02,66,133
2026-07-02,65,134
2026-07-02,224,135
2026-07-02,57,136
2026-07-02,222,137
2026-07-02,206,138
2026-07-02,194,139
2026-07-02,221,140
2026-07-02,216,141
2026-07-02,200,142
2026-07-02,199,143
2026-07-02,215,144
2026-07-02,124,145
2026-07-02,226,146
2026-07-02,201,147
2026-07-02,202,148
2026-07-02,217,149
2026-07-02,71,150
2026-07-02,80,151
2026-07-02,87,152
2026-07-02,228,153
2026-07-02,115,154
2026-07-02,78,155
2026-07-02,132,156
2026-07-02,74,157
2026-07-02,90,158
2026-07-02,108,159
2026-07-02,166,160
2026-07-02,73,161
2026-07-02,148,162
2026-07-02,85,163
2026-07-02,149,164
2026-07-02,91,165
2026-07-02,144,166
2026-07-02,234,167
2026-07-02,162,168
2026-07-02,86,169
2026-07-02,159,170
2026-07-02,119,171
2026-07-02,173,172
2026-07-02,112,173
2026-07-02,114,174
2026-07-02,37,175
2026-07-02,174,176
2026-07-02,180,177
2026-07-02,181,178
2026-07-02,178,179
2026-07-02,176,180
2026-07-02,179,181
2026-07-02,39,182
2026-07-02,146,183
2026-07-02,76,184
2026-07-02,83,185
2026-07-02,118,186
2026-07-02,77,187
2026-07-02,138,188
2026-07-02,100,189
2026-07-02,27,190
2026-07-02,89,191
2026-07-02,152,192
2026-07-02,69,193
2026-07-02,95,194
2026-07-02,106,195
2026-07-02,94,196
2026-07-02,96,197
2026-07-02,99,198
2026-07-02,98,199
2026-07-02,120,200
2026-07-02,97,201
2026-07-02,79,202
2026-07-02,58,203
2026-07-02,134,204
2026-07-02,192,205
2026-07-02,141,206
2026-07-02,54,207
2026-07-02,6,208
2026-07-02,150,209
2026-07-02,93,210
2026-07-02,125,211
2026-07-02,38,212
2026-07-02,81,213
2026-07-02,154,214
2026-07-02,55,215
2026-07-03,2,1
2026-07-03,1,2
2026-07-03,3,3
2026-07-03,21,4
2026-07-03,4,5
2026-07-03,43,6
2026-07-03,233,7
2026-07-03,25,8
2026-07-03,30,9
2026-07-03,44,10
2026-07-03,10,11
2026-07-03,29,12
2026-07-03,121,13
2026-07-03,5,14
2026-07-03,24,15
2026-07-03,22,16
2026-07-03,50,17
2026-07-03,53,18
2026-07-03,42,19
2026-07-03,23,20
2026-07-03,46,21
2026-07-03,111,22
2026-07-03,7,23
2026-07-03,15,24
2026-07-03,127,25
2026-07-03,12,26
2026-07-03,9,27
2026-07-03,51,28
2026-07-03,177,29
2026-07-03,143,30
2026-07-03,13,31
2026-07-03,33,32
2026-07-03,131,33
2026-07-03,236,34
2026-07-03,32,35
2026-07-03,8,36
2026-07-03,130,37
2026-07-03,45,38
2026-07-03,126,39
2026-07-03,11,40
2026-07-03,41,41
2026-07-03,14,42
2026-07-03,133,43
2026-07-03,17,44
2026-07-03,109,45
2026-07-03,235,46
2026-07-03,167,47
2026-07-03,135,48
2026-07-03,20,49
2026-07-03,31,50
2026-07-03,47,51
2026-07-03,168,52
2026-07-03,107,53
2026-07-03,198,54
2026-07-03,64,55
2026-07-03,16,56
2026-07-03,170,57
2026-07-03,137,58
2026-07-03,145,59
2026-07-03,139,60
2026-07-03,62,61
2026-07-03,140,62
2026-07-03,103,63
2026-07-03,136,64
2026-07-03,171,65
2026-07-03,34,66
2026-07-03,52,67
2026-07-03,151,68
2026-07-03,147,69
2026-07-03,18,70
2026-07-03,49,71
2026-07-03,72,72
2026-07-03,35,73
2026-07-03,169,74
2026-07-03,156,75
2026-07-03,172,76
2026-07-03,158,77
2026-07-03,36,78
2026-07-03,70,79
2026-07-03,155,80
2026-07-03,19,81
2026-07-03,160,82
2026-07-03,210,83
2026-07-03,110,84
2026-07-03,161,85
2026-07-03,153,86
2026-07-03,183,87
2026-07-03,75,88
2026-07-03,68,89
2026-07-03,48,90
2026-07-03,208,91
2026-07-03,175,92
2026-07-03,157,93
2026-07-03,209,94
2026-07-03,40,95
2026-07-03,184,96
2026-07-03,213,97
2026-07-03,61,98
2026-07-03,182,99
2026-07-03,214,100
2026-07-03,186,101
2026-07-03,71,102
2026-07-03,190,103
2026-07-03,63,104
2026-07-03,185,105
2026-07-03,189,106
2026-07-03,188,107
2026-07-03,211,108
2026-07-03,218,109
2026-07-03,105,110
2026-07-03,229,111
2026-07-03,219,112
2026-07-03,92,113
2026-07-03,67,114
2026-07-03,195,115
2026-07-03,196,116
2026-07-03,82,117
2026-07-03,223,118
2026-07-03,227,119
2026-07-03,193,120
2026-07-03,187,121
2026-07-03,117,122
2026-07-03,230,123
2026-07-03,116,124
2026-07-03,84,125
2026-07-03,104,126
2026-07-03,56,127
2026-07-03,191,128
2026-07-03,60,129
2026-07-03,123,130
2026-07-03,122,131
2026-07-03,88,132
2026-07-03,66,133
2026-07-03,224,134
2026-07-03,57,135
2026-07-03,206,136
2026-07-03,222,137
2026-07-03,65,138
2026-07-03,194,139
2026-07-03,86,140
2026-07-03,216,141
2026-07-03,200,142
2026-07-03,221,143
2026-07-03,199,144
2026-07-03,215,145
2026-07-03,115,146
2026-07-03,201,147
2026-07-03,202,148
2026-07-03,124,149
2026-07-03,80,150
2026-07-03,87,151
2026-07-03,228,152
2026-07-03,78,153
2026-07-03,132,154
2026-07-03,226,155
2026-07-03,74,156
2026-07-03,166,157
2026-07-03,90,158
2026-07-03,108,159
2026-07-03,73,160
2026-07-03,148,161
2026-07-03,85,162
2026-07-03,144,163
2026-07-03,149,164
2026-07-03,113,165
2026-07-03,91,166
2026-07-03,234,167
2026-07-03,162,168
2026-07-03,159,169
2026-07-03,119,170
2026-07-03,217,171
2026-07-03,173,172
2026-07-03,112,173
2026-07-03,114,174
2026-07-03,37,175
2026-07-03,174,176
2026-07-03,180,177
2026-07-03,181,178
2026-07-03,176,179
2026-07-03,178,180
2026-07-03,179,181
2026-07-03,39,182
2026-07-03,146,183
2026-07-03,76,184
2026-07-03,83,185
2026-07-03,118,186
2026-07-03,77,187
2026-07-03,138,188
2026-07-03,100,189
2026-07-03,27,190
2026-07-03,89,191
2026-07-03,152,192
2026-07-03,69,193
2026-07-03,95,194
2026-07-03,106,195
2026-07-03,94,196
2026-07-03,96,197
2026-07-03,99,198
2026-07-03,98,199
2026-07-03,120,200
2026-07-03,97,201
2026-07-03,79,202
2026-07-03,58,203
2026-07-03,134,204
2026-07-03,192,205
2026-07-03,141,206
2026-07-03,54,207
2026-07-03,6,208
2026-07-03,150,209
2026-07-03,93,210
2026-07-03,125,211
2026-07-03,38,212
2026-07-03,81,213
2026-07-03,154,214
2026-07-03,55,215
2026-07-04,2,1
2026-07-04,1,2
2026-07-04,3,3
2026-07-04,21,4
2026-07-04,4,5
2026-07-04,43,6
2026-07-04,233,7
2026-07-04,25,8
2026-07-04,44,9
2026-07-04,30,10
2026-07-04,10,11
2026-07-04,29,12
2026-07-04,121,13
2026-07-04,5,14
2026-07-04,24,15
2026-07-04,22,16
2026-07-04,50,17
2026-07-04,53,18
2026-07-04,42,19
2026-07-04,23,20
2026-07-04,46,21
2026-07-04,111,22
2026-07-04,8,23
2026-07-04,15,24
2026-07-04,127,25
2026-07-04,12,26
2026-07-04,9,27
2026-07-04,51,28
2026-07-04,177,29
2026-07-04,130,30
2026-07-04,143,31
2026-07-04,33,32
2026-07-04,131,33
2026-07-04,7,34
2026-07-04,13,35
2026-07-04,236,36
2026-07-04,32,37
2026-07-04,45,38
2026-07-04,11,39
2026-07-04,126,40
2026-07-04,109,41
2026-07-04,41,42
2026-07-04,14,43
2026-07-04,133,44
2026-07-04,17,45
2026-07-04,235,46
2026-07-04,135,47
2026-07-04,20,48
2026-07-04,31,49
2026-07-04,47,50
2026-07-04,168,51
2026-07-04,107,52
2026-07-04,198,53
2026-07-04,145,54
2026-07-04,16,55
2026-07-04,170,56
2026-07-04,137,57
2026-07-04,139,58
2026-07-04,62,59
2026-07-04,140,60
2026-07-04,18,61
2026-07-04,64,62
2026-07-04,52,63
2026-07-04,136,64
2026-07-04,171,65
2026-07-04,34,66
2026-07-04,151,67
2026-07-04,103,68
2026-07-04,169,69
2026-07-04,147,70
2026-07-04,49,71
2026-07-04,35,72
2026-07-04,156,73
2026-07-04,172,74
2026-07-04,158,75
2026-07-04,36,76
2026-07-04,155,77
2026-07-04,70,78
2026-07-04,160,79
2026-07-04,19,80
2026-07-04,210,81
2026-07-04,110,82
2026-07-04,161,83
2026-07-04,153,84
2026-07-04,167,85
2026-07-04,183,86
2026-07-04,68,87
2026-07-04,213,88
2026-07-04,48,89
2026-07-04,208,90
2026-07-04,175,91
2026-07-04,157,92
2026-07-04,209,93
2026-07-04,40,94
2026-07-04,72,95
2026-07-04,184,96
2026-07-04,75,97
2026-07-04,61,98
2026-07-04,211,99
2026-07-04,182,100
2026-07-04,214,101
2026-07-04,186,102
2026-07-04,190,103
2026-07-04,71,104
2026-07-04,189,105
2026-07-04,188,106
2026-07-04,63,107
2026-07-04,218,108
2026-07-04,105,109
2026-07-04,229,110
2026-07-04,219,111
2026-07-04,185,112
2026-07-04,67,113
2026-07-04,195,114
2026-07-04,196,115
2026-07-04,82,116
2026-07-04,223,117
2026-07-04,227,118
2026-07-04,193,119
2026-07-04,187,120
2026-07-04,117,121
2026-07-04,230,122
2026-07-04,116,123
2026-07-04,84,124
2026-07-04,104,125
2026-07-04,191,126
2026-07-04,113,127
2026-07-04,60,128
2026-07-04,123,129
2026-07-04,122,130
2026-07-04,88,131
2026-07-04,66,132
2026-07-04,65,133
2026-07-04,56,134
2026-07-04,57,135
2026-07-04,206,136
2026-07-04,222,137
2026-07-04,194,138
2026-07-04,221,139
2026-07-04,224,140
2026-07-04,216,141
2026-07-04,200,142
2026-07-04,86,143
2026-07-04,115,144
2026-07-04,201,145
2026-07-04,199,146
2026-07-04,124,147
2026-07-04,217,148
2026-07-04,202,149
2026-07-04,87,150
2026-07-04,228,151
2026-07-04,78,152
2026-07-04,132,153
2026-07-04,215,154
2026-07-04,226,155
2026-07-04,74,156
2026-07-04,92,157
2026-07-04,166,158
2026-07-04,90,159
2026-07-04,108,160
2026-07-04,148,161
2026-07-04,80,162
2026-07-04,73,163
2026-07-04,85,164
2026-07-04,144,165
2026-07-04,149,166
2026-07-04,91,167
2026-07-04,234,168
2026-07-04,162,169
2026-07-04,159,170
2026-07-04,119,171
2026-07-04,173,172
2026-07-04,112,173
2026-07-04,114,174
2026-07-04,37,175
2026-07-04,174,176
2026-07-04,180,177
2026-07-04,181,178
2026-07-04,176,179
2026-07-04,178,180
2026-07-04,179,181
2026-07-04,39,182
2026-07-04,146,183
2026-07-04,76,184
2026-07-04,83,185
2026-07-04,118,186
2026-07-04,77,187
2026-07-04,138,188
2026-07-04,100,189
2026-07-04,27,190
2026-07-04,89,191
2026-07-04,152,192
2026-07-04,69,193
2026-07-04,95,194
2026-07-04,106,195
2026-07-04,94,196
2026-07-04,96,197
2026-07-04,99,198
2026-07-04,98,199
2026-07-04,120,200
2026-07-04,97,201
2026-07-04,79,202
2026-07-04,58,203
2026-07-04,134,204
2026-07-04,192,205
2026-07-04,141,206
2026-07-04,54,207
2026-07-04,6,208
2026-07-04,150,209
2026-07-04,93,210
2026-07-04,125,211
2026-07-04,38,212
2026-07-04,81,213
2026-07-04,154,214
2026-07-04,55,215
2026-07-05,2,1
2026-07-05,1,2
2026-07-05,3,3
2026-07-05,21,4
2026-07-05,4,5
2026-07-05,43,6
2026-07-05,233,7
2026-07-05,25,8
2026-07-05,30,9
2026-07-05,44,10
2026-07-05,29,11
2026-07-05,10,12
2026-07-05,121,13
2026-07-05,5,14
2026-07-05,24,15
2026-07-05,22,16
2026-07-05,50,17
2026-07-05,53,18
2026-07-05,42,19
2026-07-05,23,20
2026-07-05,46,21
2026-07-05,111,22
2026-07-05,7,23
2026-07-05,8,24
2026-07-05,15,25
2026-07-05,127,26
2026-07-05,9,27
2026-07-05,51,28
2026-07-05,177,29
2026-07-05,143,30
2026-07-05,12,31
2026-07-05,130,32
2026-07-05,13,33
2026-07-05,33,34
2026-07-05,236,35
2026-07-05,32,36
2026-07-05,45,37
2026-07-05,131,38
2026-07-05,126,39
2026-07-05,11,40
2026-07-05,41,41
2026-07-05,14,42
2026-07-05,133,43
2026-07-05,17,44
2026-07-05,235,45
2026-07-05,167,46
2026-07-05,109,47
2026-07-05,135,48
2026-07-05,20,49
2026-07-05,47,50
2026-07-05,168,51
2026-07-05,107,52
2026-07-05,198,53
2026-07-05,145,54
2026-07-05,31,55
2026-07-05,64,56
2026-07-05,16,57
2026-07-05,170,58
2026-07-05,139,59
2026-07-05,62,60
2026-07-05,137,61
2026-07-05,140,62
2026-07-05,18,63
2026-07-05,103,64
2026-07-05,52,65
2026-07-05,34,66
2026-07-05,136,67
2026-07-05,151,68
2026-07-05,169,69
2026-07-05,147,70
2026-07-05,171,71
2026-07-05,49,72
2026-07-05,72,73
2026-07-05,35,74
2026-07-05,172,75
2026-07-05,158,76
2026-07-05,156,77
2026-07-05,36,78
2026-07-05,155,79
2026-07-05,70,80
2026-07-05,160,81
2026-07-05,19,82
2026-07-05,210,83
2026-07-05,161,84
2026-07-05,153,85
2026-07-05,183,86
2026-07-05,75,87
2026-07-05,68,88
2026-07-05,213,89
2026-07-05,48,90
2026-07-05,208,91
2026-07-05,157,92
2026-07-05,209,93
2026-07-05,40,94
2026-07-05,184,95
2026-07-05,61,96
2026-07-05,211,97
2026-07-05,214,98
2026-07-05,175,99
2026-07-05,186,100
2026-07-05,190,101
2026-07-05,185,102
2026-07-05,189,103
2026-07-05,71,104
2026-07-05,188,105
2026-07-05,63,106
2026-07-05,105,107
2026-07-05,182,108
2026-07-05,229,109
2026-07-05,218,110
2026-07-05,219,111
2026-07-05,92,112
2026-07-05,67,113
2026-07-05,195,114
2026-07-05,110,115
2026-07-05,196,116
2026-07-05,82,117
2026-07-05,223,118
2026-07-05,227,119
2026-07-05,193,120
2026-07-05,187,121
2026-07-05,116,122
2026-07-05,230,123
2026-07-05,84,124
2026-07-05,117,125
2026-07-05,104,126
2026-07-05,56,127
2026-07-05,113,128
2026-07-05,191,129
2026-07-05,60,130
2026-07-05,122,131
2026-07-05,123,132
2026-07-05,88,133
2026-07-05,66,134
2026-07-05,65,135
2026-07-05,224,136
2026-07-05,57,137
2026-07-05,206,138
2026-07-05,222,139
2026-07-05,194,140
2026-07-05,221,141
2026-07-05,86,142
2026-07-05,216,143
2026-07-05,200,144
2026-07-05,215,145
2026-07-05,124,146
2026-07-05,115,147
2026-07-05,226,148
2026-07-05,199,149
2026-07-05,201,150
2026-07-05,217,151
2026-07-05,202,152
2026-07-05,80,153
2026-07-05,87,154
2026-07-05,228,155
2026-07-05,78,156
2026-07-05,132,157
2026-07-05,74,158
2026-07-05,166,159
2026-07-05,108,160
2026-07-05,90,161
2026-07-05,148,162
2026-07-05,73,163
2026-07-05,85,164
2026-07-05,144,165
2026-07-05,149,166
2026-07-05,91,167
2026-07-05,234,168
2026-07-05,159,169
2026-07-05,119,170
2026-07-05,173,171
2026-07-05,162,172
2026-07-05,112,173
2026-07-05,114,174
2026-07-05,37,175
2026-07-05,174,176
2026-07-05,181,177
2026-07-05,176,178
2026-07-05,180,179
2026-07-05,178,180
2026-07-05,179,181
2026-07-05,39,182
2026-07-05,146,183
2026-07-05,76,184
2026-07-05,83,185
2026-07-05,118,186
2026-07-05,77,187
2026-07-05,138,188
2026-07-05,100,189
2026-07-05,27,190
2026-07-05,89,191
2026-07-05,152,192
2026-07-05,69,193
2026-07-05,95,194
2026-07-05,106,195
2026-07-05,94,196
2026-07-05,96,197
2026-07-05,99,198
2026-07-05,98,199
2026-07-05,120,200
2026-07-05,97,201
2026-07-05,79,202
2026-07-05,58,203
2026-07-05,134,204
2026-07-05,192,205
2026-07-05,141,206
2026-07-05,54,207
2026-07-05,6,208
2026-07-05,150,209
2026-07-05,93,210
2026-07-05,125,211
2026-07-05,38,212
2026-07-05,81,213
2026-07-05,154,214
2026-07-05,55,215
2026-07-06,2,1
2026-07-06,1,2
2026-07-06,3,3
2026-07-06,21,4
2026-07-06,4,5
2026-07-06,43,6
2026-07-06,233,7
2026-07-06,25,8
2026-07-06,30,9
2026-07-06,44,10
2026-07-06,29,11
2026-07-06,10,12
2026-07-06,121,13
2026-07-06,5,14
2026-07-06,24,15
2026-07-06,22,16
2026-07-06,50,17
2026-07-06,53,18
2026-07-06,23,19
2026-07-06,46,20
2026-07-06,111,21
2026-07-06,7,22
2026-07-06,42,23
2026-07-06,8,24
2026-07-06,15,25
2026-07-06,9,26
2026-07-06,12,27
2026-07-06,51,28
2026-07-06,177,29
2026-07-06,143,30
2026-07-06,130,31
2026-07-06,13,32
2026-07-06,131,33
2026-07-06,236,34
2026-07-06,32,35
2026-07-06,33,36
2026-07-06,127,37
2026-07-06,45,38
2026-07-06,126,39
2026-07-06,11,40
2026-07-06,109,41
2026-07-06,41,42
2026-07-06,133,43
2026-07-06,17,44
2026-07-06,14,45
2026-07-06,235,46
2026-07-06,167,47
2026-07-06,135,48
2026-07-06,20,49
2026-07-06,31,50
2026-07-06,47,51
2026-07-06,107,52
2026-07-06,168,53
2026-07-06,198,54
2026-07-06,145,55
2026-07-06,64,56
2026-07-06,16,57
2026-07-06,170,58
2026-07-06,137,59
2026-07-06,62,60
2026-07-06,139,61
2026-07-06,140,62
2026-07-06,18,63
2026-07-06,103,64
2026-07-06,171,65
2026-07-06,52,66
2026-07-06,34,67
2026-07-06,151,68
2026-07-06,169,69
2026-07-06,136,70
2026-07-06,147,71
2026-07-06,49,72
2026-07-06,72,73
2026-07-06,35,74
2026-07-06,156,75
2026-07-06,172,76
2026-07-06,36,77
2026-07-06,155,78
2026-07-06,160,79
2026-07-06,70,80
2026-07-06,158,81
2026-07-06,19,82
2026-07-06,110,83
2026-07-06,210,84
2026-07-06,161,85
2026-07-06,183,86
2026-07-06,75,87
2026-07-06,68,88
2026-07-06,213,89
2026-07-06,48,90
2026-07-06,208,91
2026-07-06,175,92
2026-07-06,157,93
2026-07-06,209,94
2026-07-06,153,95
2026-07-06,184,96
2026-07-06,61,97
2026-07-06,211,98
2026-07-06,182,99
2026-07-06,214,100
2026-07-06,40,101
2026-07-06,186,102
2026-07-06,190,103
2026-07-06,189,104
2026-07-06,71,105
2026-07-06,63,106
2026-07-06,188,107
2026-07-06,218,108
2026-07-06,105,109
2026-07-06,185,110
2026-07-06,219,111
2026-07-06,92,112
2026-07-06,195,113
2026-07-06,229,114
2026-07-06,67,115
2026-07-06,196,116
2026-07-06,82,117
2026-07-06,227,118
2026-07-06,193,119
2026-07-06,187,120
2026-07-06,223,121
2026-07-06,117,122
2026-07-06,230,123
2026-07-06,116,124
2026-07-06,84,125
2026-07-06,104,126
2026-07-06,191,127
2026-07-06,56,128
2026-07-06,113,129
2026-07-06,60,130
2026-07-06,122,131
2026-07-06,123,132
2026-07-06,66,133
2026-07-06,88,134
2026-07-06,65,135
2026-07-06,224,136
2026-07-06,57,137
2026-07-06,206,138
2026-07-06,222,139
2026-07-06,221,140
2026-07-06,194,141
2026-07-06,86,142
2026-07-06,216,143
2026-07-06,200,144
2026-07-06,215,145
2026-07-06,124,146
2026-07-06,115,147
2026-07-06,226,148
2026-07-06,199,149
2026-07-06,217,150
2026-07-06,202,151
2026-07-06,80,152
2026-07-06,87,153
2026-07-06,78,154
2026-07-06,132,155
2026-07-06,74,156
2026-07-06,90,157
2026-07-06,166,158
2026-07-06,108,159
2026-07-06,148,160
2026-07-06,73,161
2026-07-06,85,162
2026-07-06,144,163
2026-07-06,149,164
2026-07-06,201,165
2026-07-06,91,166
2026-07-06,234,167
2026-07-06,162,168
2026-07-06,119,169
2026-07-06,173,170
2026-07-06,159,171
2026-07-06,228,172
2026-07-06,112,173
2026-07-06,114,174
2026-07-06,37,175
2026-07-06,174,176
2026-07-06,180,177
2026-07-06,181,178
2026-07-06,176,179
2026-07-06,178,180
2026-07-06,179,181
2026-07-06,39,182
2026-07-06,146,183
2026-07-06,76,184
2026-07-06,83,185
2026-07-06,118,186
2026-07-06,77,187
2026-07-06,138,188
2026-07-06,100,189
2026-07-06,27,190
2026-07-06,89,191
2026-07-06,152,192
2026-07-06,69,193
2026-07-06,95,194
2026-07-06,106,195
2026-07-06,94,196
2026-07-06,96,197
2026-07-06,99,198
2026-07-06,98,199
2026-07-06,120,200
2026-07-06,97,201
2026-07-06,79,202
2026-07-06,58,203
2026-07-06,134,204
2026-07-06,192,205
2026-07-06,141,206
2026-07-06,54,207
2026-07-06,6,208
2026-07-06,150,209
2026-07-06,93,210
2026-07-06,125,211
2026-07-06,38,212
2026-07-06,81,213
2026-07-06,154,214
2026-07-06,55,215
2026-07-07,2,1
2026-07-07,1,2
2026-07-07,3,3
2026-07-07,21,4
2026-07-07,4,5
2026-07-07,43,6
2026-07-07,233,7
2026-07-07,25,8
2026-07-07,30,9
2026-07-07,44,10
2026-07-07,10,11
2026-07-07,29,12
2026-07-07,121,13
2026-07-07,5,14
2026-07-07,24,15
2026-07-07,22,16
2026-07-07,50,17
2026-07-07,53,18
2026-07-07,23,19
2026-07-07,46,20
2026-07-07,111,21
2026-07-07,7,22
2026-07-07,8,23
2026-07-07,42,24
2026-07-07,127,25
2026-07-07,15,26
2026-07-07,9,27
2026-07-07,12,28
2026-07-07,51,29
2026-07-07,177,30
2026-07-07,13,31
2026-07-07,143,32
2026-07-07,33,33
2026-07-07,131,34
2026-07-07,130,35
2026-07-07,236,36
2026-07-07,32,37
2026-07-07,126,38
2026-07-07,11,39
2026-07-07,41,40
2026-07-07,109,41
2026-07-07,14,42
2026-07-07,17,43
2026-07-07,133,44
2026-07-07,45,45
2026-07-07,167,46
2026-07-07,135,47
2026-07-07,20,48
2026-07-07,31,49
2026-07-07,47,50
2026-07-07,168,51
2026-07-07,107,52
2026-07-07,198,53
2026-07-07,145,54
2026-07-07,64,55
2026-07-07,16,56
2026-07-07,170,57
2026-07-07,137,58
2026-07-07,139,59
2026-07-07,62,60
2026-07-07,18,61
2026-07-07,103,62
2026-07-07,140,63
2026-07-07,136,64
2026-07-07,171,65
2026-07-07,52,66
2026-07-07,34,67
2026-07-07,151,68
2026-07-07,169,69
2026-07-07,147,70
2026-07-07,72,71
2026-07-07,35,72
2026-07-07,156,73
2026-07-07,172,74
2026-07-07,36,75
2026-07-07,155,76
2026-07-07,160,77
2026-07-07,19,78
2026-07-07,70,79
2026-07-07,110,80
2026-07-07,210,81
2026-07-07,49,82
2026-07-07,161,83
2026-07-07,153,84
2026-07-07,158,85
2026-07-07,183,86
2026-07-07,75,87
2026-07-07,68,88
2026-07-07,213,89
2026-07-07,208,90
2026-07-07,175,91
2026-07-07,157,92
2026-07-07,209,93
2026-07-07,40,94
2026-07-07,184,95
2026-07-07,48,96
2026-07-07,235,97
2026-07-07,61,98
2026-07-07,182,99
2026-07-07,214,100
2026-07-07,186,101
2026-07-07,190,102
2026-07-07,189,103
2026-07-07,185,104
2026-07-07,71,105
2026-07-07,63,106
2026-07-07,218,107
2026-07-07,211,108
2026-07-07,105,109
2026-07-07,188,110
2026-07-07,229,111
2026-07-07,219,112
2026-07-07,92,113
2026-07-07,67,114
2026-07-07,196,115
2026-07-07,82,116
2026-07-07,223,117
2026-07-07,227,118
2026-07-07,193,119
2026-07-07,195,120
2026-07-07,187,121
2026-07-07,117,122
2026-07-07,230,123
2026-07-07,116,124
2026-07-07,84,125
2026-07-07,104,126
2026-07-07,191,127
2026-07-07,56,128
2026-07-07,113,129
2026-07-07,60,130
2026-07-07,123,131
2026-07-07,122,132
2026-07-07,88,133
2026-07-07,66,134
2026-07-07,65,135
2026-07-07,224,136
2026-07-07,206,137
2026-07-07,222,138
2026-07-07,57,139
2026-07-07,221,140
2026-07-07,86,141
2026-07-07,216,142
2026-07-07,200,143
2026-07-07,194,144
2026-07-07,199,145
2026-07-07,215,146
2026-07-07,124,147
2026-07-07,115,148
2026-07-07,201,149
2026-07-07,217,150
2026-07-07,87,151
2026-07-07,228,152
2026-07-07,132,153
2026-07-07,78,154
2026-07-07,166,155
2026-07-07,108,156
2026-07-07,148,157
2026-07-07,73,158
2026-07-07,85,159
2026-07-07,144,160
2026-07-07,149,161
2026-07-07,74,162
2026-07-07,91,163
2026-07-07,234,164
2026-07-07,162,165
2026-07-07,202,166
2026-07-07,159,167
2026-07-07,119,168
2026-07-07,173,169
2026-07-07,226,170
2026-07-07,80,171
2026-07-07,90,172
2026-07-07,112,173
2026-07-07,114,174
2026-07-07,37,175
2026-07-07,180,176
2026-07-07,181,177
2026-07-07,176,178
2026-07-07,174,179
2026-07-07,179,180
2026-07-07,178,181
2026-07-07,39,182
2026-07-07,146,183
2026-07-07,76,184
2026-07-07,83,185
2026-07-07,118,186
2026-07-07,77,187
2026-07-07,138,188
2026-07-07,100,189
2026-07-07,27,190
2026-07-07,89,191
2026-07-07,152,192
2026-07-07,69,193
2026-07-07,95,194
2026-07-07,106,195
2026-07-07,94,196
2026-07-07,96,197
2026-07-07,99,198
2026-07-07,98,199
2026-07-07,120,200
2026-07-07,97,201
2026-07-07,79,202
2026-07-07,58,203
2026-07-07,134,204
2026-07-07,192,205
2026-07-07,141,206
2026-07-07,54,207
2026-07-07,6,208
2026-07-07,150,209
2026-07-07,93,210
2026-07-07,125,211
2026-07-07,38,212
2026-07-07,81,213
2026-07-07,154,214
2026-07-07,55,215
2026-07-08,2,1
2026-07-08,1,2
2026-07-08,3,3
2026-07-08,21,4
2026-07-08,4,5
2026-07-08,43,6
2026-07-08,233,7
2026-07-08,25,8
2026-07-08,30,9
2026-07-08,44,10
2026-07-08,10,11
2026-07-08,29,12
2026-07-08,121,13
2026-07-08,5,14
2026-07-08,24,15
2026-07-08,22,16
2026-07-08,53,17
2026-07-08,50,18
2026-07-08,42,19
2026-07-08,23,20
2026-07-08,46,21
2026-07-08,111,22
2026-07-08,7,23
2026-07-08,127,24
2026-07-08,15,25
2026-07-08,9,26
2026-07-08,12,27
2026-07-08,51,28
2026-07-08,177,29
2026-07-08,143,30
2026-07-08,130,31
2026-07-08,131,32
2026-07-08,33,33
2026-07-08,8,34
2026-07-08,13,35
2026-07-08,32,36
2026-07-08,236,37
2026-07-08,45,38
2026-07-08,126,39
2026-07-08,41,40
2026-07-08,14,41
2026-07-08,109,42
2026-07-08,17,43
2026-07-08,133,44
2026-07-08,235,45
2026-07-08,11,46
2026-07-08,167,47
2026-07-08,135,48
2026-07-08,20,49
2026-07-08,31,50
2026-07-08,168,51
2026-07-08,47,52
2026-07-08,107,53
2026-07-08,198,54
2026-07-08,145,55
2026-07-08,16,56
2026-07-08,170,57
2026-07-08,139,58
2026-07-08,137,59
2026-07-08,64,60
2026-07-08,62,61
2026-07-08,18,62
2026-07-08,103,63
2026-07-08,140,64
2026-07-08,136,65
2026-07-08,171,66
2026-07-08,52,67
2026-07-08,34,68
2026-07-08,147,69
2026-07-08,151,70
2026-07-08,169,71
2026-07-08,49,72
2026-07-08,72,73
2026-07-08,156,74
2026-07-08,172,75
2026-07-08,158,76
2026-07-08,155,77
2026-07-08,36,78
2026-07-08,160,79
2026-07-08,70,80
2026-07-08,19,81
2026-07-08,110,82
2026-07-08,161,83
2026-07-08,153,84
2026-07-08,35,85
2026-07-08,183,86
2026-07-08,75,87
2026-07-08,68,88
2026-07-08,210,89
2026-07-08,213,90
2026-07-08,48,91
2026-07-08,175,92
2026-07-08,157,93
2026-07-08,209,94
2026-07-08,40,95
2026-07-08,184,96
2026-07-08,208,97
2026-07-08,211,98
2026-07-08,61,99
2026-07-08,214,100
2026-07-08,186,101
2026-07-08,190,102
2026-07-08,189,103
2026-07-08,185,104
2026-07-08,182,105
2026-07-08,71,106
2026-07-08,63,107
2026-07-08,188,108
2026-07-08,105,109
2026-07-08,229,110
2026-07-08,218,111
2026-07-08,219,112
2026-07-08,92,113
2026-07-08,195,114
2026-07-08,196,115
2026-07-08,82,116
2026-07-08,223,117
2026-07-08,227,118
2026-07-08,193,119
2026-07-08,117,120
2026-07-08,187,121
2026-07-08,230,122
2026-07-08,116,123
2026-07-08,84,124
2026-07-08,104,125
2026-07-08,191,126
2026-07-08,113,127
2026-07-08,56,128
2026-07-08,60,129
2026-07-08,123,130
2026-07-08,122,131
2026-07-08,88,132
2026-07-08,66,133
2026-07-08,65,134
2026-07-08,224,135
2026-07-08,222,136
2026-07-08,57,137
2026-07-08,194,138
2026-07-08,221,139
2026-07-08,206,140
2026-07-08,86,141
2026-07-08,216,142
2026-07-08,200,143
2026-07-08,199,144
2026-07-08,215,145
2026-07-08,124,146
2026-07-08,226,147
2026-07-08,201,148
2026-07-08,217,149
2026-07-08,80,150
2026-07-08,132,151
2026-07-08,78,152
2026-07-08,228,153
2026-07-08,87,154
2026-07-08,115,155
2026-07-08,67,156
2026-07-08,74,157
2026-07-08,90,158
2026-07-08,166,159
2026-07-08,108,160
2026-07-08,73,161
2026-07-08,148,162
2026-07-08,85,163
2026-07-08,144,164
2026-07-08,149,165
2026-07-08,91,166
2026-07-08,234,167
2026-07-08,162,168
2026-07-08,202,169
2026-07-08,159,170
2026-07-08,119,171
2026-07-08,173,172
2026-07-08,112,173
2026-07-08,114,174
2026-07-08,37,175
2026-07-08,174,176
2026-07-08,180,177
2026-07-08,181,178
2026-07-08,176,179
2026-07-08,178,180
2026-07-08,179,181
2026-07-08,39,182
2026-07-08,146,183
2026-07-08,76,184
2026-07-08,83,185
2026-07-08,118,186
2026-07-08,77,187
2026-07-08,138,188
2026-07-08,100,189
2026-07-08,27,190
2026-07-08,89,191
2026-07-08,152,192
2026-07-08,69,193
2026-07-08,95,194
2026-07-08,106,195
2026-07-08,94,196
2026-07-08,96,197
2026-07-08,99,198
2026-07-08,98,199
2026-07-08,120,200
2026-07-08,97,201
2026-07-08,79,202
2026-07-08,58,203
2026-07-08,134,204
2026-07-08,192,205
2026-07-08,141,206
2026-07-08,54,207
2026-07-08,6,208
2026-07-08,150,209
2026-07-08,93,210
2026-07-08,125,211
2026-07-08,38,212
2026-07-08,81,213
2026-07-08,154,214
2026-07-08,55,215
2026-07-09,2,1
2026-07-09,1,2
2026-07-09,3,3
2026-07-09,21,4
2026-07-09,4,5
2026-07-09,43,6
2026-07-09,233,7
2026-07-09,25,8
2026-07-09,30,9
2026-07-09,44,10
2026-07-09,10,11
2026-07-09,29,12
2026-07-09,121,13
2026-07-09,5,14
2026-07-09,24,15
2026-07-09,22,16
2026-07-09,50,17
2026-07-09,53,18
2026-07-09,42,19
2026-07-09,23,20
2026-07-09,111,21
2026-07-09,7,22
2026-07-09,46,23
2026-07-09,8,24
2026-07-09,127,25
2026-07-09,9,26
2026-07-09,15,27
2026-07-09,12,28
2026-07-09,177,29
2026-07-09,51,30
2026-07-09,143,31
2026-07-09,130,32
2026-07-09,13,33
2026-07-09,131,34
2026-07-09,33,35
2026-07-09,236,36
2026-07-09,45,37
2026-07-09,126,38
2026-07-09,11,39
2026-07-09,41,40
2026-07-09,14,41
2026-07-09,17,42
2026-07-09,32,43
2026-07-09,109,44
2026-07-09,235,45
2026-07-09,167,46
2026-07-09,135,47
2026-07-09,133,48
2026-07-09,168,49
2026-07-09,20,50
2026-07-09,31,51
2026-07-09,47,52
2026-07-09,198,53
2026-07-09,107,54
2026-07-09,145,55
2026-07-09,16,56
2026-07-09,64,57
2026-07-09,170,58
2026-07-09,139,59
2026-07-09,137,60
2026-07-09,140,61
2026-07-09,18,62
2026-07-09,62,63
2026-07-09,103,64
2026-07-09,52,65
2026-07-09,136,66
2026-07-09,171,67
2026-07-09,34,68
2026-07-09,151,69
2026-07-09,169,70
2026-07-09,147,71
2026-07-09,49,72
2026-07-09,72,73
2026-07-09,35,74
2026-07-09,156,75
2026-07-09,172,76
2026-07-09,158,77
2026-07-09,155,78
2026-07-09,70,79
2026-07-09,160,80
2026-07-09,19,81
2026-07-09,210,82
2026-07-09,110,83
2026-07-09,161,84
2026-07-09,153,85
2026-07-09,75,86
2026-07-09,68,87
2026-07-09,213,88
2026-07-09,36,89
2026-07-09,48,90
2026-07-09,175,91
2026-07-09,208,92
2026-07-09,183,93
2026-07-09,157,94
2026-07-09,209,95
2026-07-09,184,96
2026-07-09,211,97
2026-07-09,61,98
2026-07-09,182,99
2026-07-09,214,100
2026-07-09,63,101
2026-07-09,186,102
2026-07-09,190,103
2026-07-09,185,104
2026-07-09,71,105
2026-07-09,188,106
2026-07-09,218,107
2026-07-09,105,108
2026-07-09,189,109
2026-07-09,229,110
2026-07-09,219,111
2026-07-09,92,112
2026-07-09,195,113
2026-07-09,67,114
2026-07-09,196,115
2026-07-09,82,116
2026-07-09,223,117
2026-07-09,227,118
2026-07-09,193,119
2026-07-09,187,120
2026-07-09,117,121
2026-07-09,230,122
2026-07-09,116,123
2026-07-09,84,124
2026-07-09,191,125
2026-07-09,113,126
2026-07-09,56,127
2026-07-09,40,128
2026-07-09,60,129
2026-07-09,123,130
2026-07-09,122,131
2026-07-09,104,132
2026-07-09,65,133
2026-07-09,224,134
2026-07-09,206,135
2026-07-09,222,136
2026-07-09,57,137
2026-07-09,194,138
2026-07-09,66,139
2026-07-09,86,140
2026-07-09,216,141
2026-07-09,200,142
2026-07-09,221,143
2026-07-09,215,144
2026-07-09,124,145
2026-07-09,226,146
2026-07-09,199,147
2026-07-09,201,148
2026-07-09,217,149
2026-07-09,202,150
2026-07-09,80,151
2026-07-09,115,152
2026-07-09,73,153
2026-07-09,132,154
2026-07-09,78,155
2026-07-09,228,156
2026-07-09,74,157
2026-07-09,90,158
2026-07-09,166,159
2026-07-09,108,160
2026-07-09,87,161
2026-07-09,85,162
2026-07-09,144,163
2026-07-09,149,164
2026-07-09,148,165
2026-07-09,91,166
2026-07-09,234,167
2026-07-09,162,168
2026-07-09,159,169
2026-07-09,119,170
2026-07-09,88,171
2026-07-09,112,172
2026-07-09,37,173
2026-07-09,114,174
2026-07-09,174,175
2026-07-09,180,176
2026-07-09,181,177
2026-07-09,178,178
2026-07-09,176,179
2026-07-09,179,180
2026-07-09,173,181
2026-07-09,39,182
2026-07-09,146,183
2026-07-09,76,184
2026-07-09,83,185
2026-07-09,118,186
2026-07-09,77,187
2026-07-09,138,188
2026-07-09,100,189
2026-07-09,27,190
2026-07-09,89,191
2026-07-09,152,192
2026-07-09,69,193
2026-07-09,95,194
2026-07-09,106,195
2026-07-09,94,196
2026-07-09,96,197
2026-07-09,99,198
2026-07-09,98,199
2026-07-09,120,200
2026-07-09,97,201
2026-07-09,79,202
2026-07-09,58,203
2026-07-09,134,204
2026-07-09,192,205
2026-07-09,141,206
2026-07-09,54,207
2026-07-09,6,208
2026-07-09,150,209
2026-07-09,93,210
2026-07-09,125,211
2026-07-09,38,212
2026-07-09,81,213
2026-07-09,154,214
2026-07-09,55,215
